{
    "above-horizon":true,
    "airmass":-1,
    "altitude":40.46494395731881,
    "altitude-geometric":40.44541380696442,
    "ambientInt":0.7368010878562927,
    "ambientLum":0.0010000000474974513,
    "appSidTm":"1h35m06.3s",
    "appSidTm-dd":23.776188019899852,
    "azimuth":205.3993321797769,
    "azimuth-geometric":205.3993321797769,
    "dec":2.0379115657329185,
    "decJ2000":1.8975914357169141,
    "distance":0.9973485592879742,
    "distance-km":149201220.80621752,
    "eclipse-crescent-angle":0,
    "eclipse-magnitude":0,
    "eclipse-obscuration":0,
    "ecliptic-obliquity":23.435997046830465,
    "elat":-0.001347081907670039,
    "elatJ2000":-0.002145835525585393,
    "elong":5.132818838319105,
    "elongJ2000":4.7801115975141615,
    "found":true,
    "glat":-59.848031609412004,
    "glong":105.88691930823758,
    "hourAngle-dd":19.064275972372837,
    "hourAngle-hms":"1h16m15.4s",
    "iauConstellation":"Psc",
    "localized-name":"Soleil",
    "meanSidTm":"1h35m06.2s",
    "meanSidTm-dd":23.775972044819355,
    "name":"Sun",
    "object-type":"star",
    "parallacticAngle":16.4163699154094,
    "ra":4.711912047527016,
    "raJ2000":4.388127378618105,
    "rise":"6h46m",
    "rise-dhr":6.760555555555555,
    "set":"19h07m",
    "set-dhr":19.121666666666666,
    "sglat":9.528660311762335,
    "sglong":295.74376870180873,
    "size":0.009329614701711137,
    "size-dd":0.5345475468912526,
    "size-deg":"0.53455°",
    "size-dms":"+0°32'04.37\"",
    "transit":"12h56m",
    "transit-dhr":12.933333333333334,
    "type":"Planet",
    "vmag":-26.74790382385254,
    "vmage":-26.74790382385254
}